<tool id="BedToWig" name="Bed/BedGraph/GFF to Wig" version="1.1.0">
  <description>converter</description>
  <command interpreter="sh">galaxyToolRunner.sh converters.IntervalToWig -i $input $zero -a ${chromInfo} -o $output</command>
  <inputs>
      <param name="input" type="data" format="bed,bedgraph,gff" label="Input Bed/BedGraph/GFF file" />
  	  <param name="zero" type="boolean" checked="false" truevalue="-z" falsevalue="" label="Assume zero where there is no data (default is NaN)" />
  </inputs>
  <outputs>
      <data name="output" format="wig" metadata_source="input" />
  </outputs>
	
<help>

This tool converts data from an interval format, such as Bed, BedGraph or GFF, to Wig format. This can be used to convert data from microarrays to Wig format. The value of each interval is mapped into the Wig file. Intervals that overlap in the original file (multiple-valued base pairs) are averaged, and bases without data in the original interval file are set to NaN.

.. class:: warningmark
	
This tool requires Bed, BedGraph, or GFF formatted data. If you have tabular data that was not correctly autodetected, change the metadata by clicking on the pencil icon for the dataset.

</help>
</tool>
