<tool id="WigMultiply" name="Multiply" version="1.1.0">
  <description>(Big)Wig files</description>
  <command interpreter="sh">
    galaxyToolRunner.sh wigmath.Multiply -o $output
      #for $input in $inputs
        ${input.file}
      #end for
  </command>
  <inputs>
      <repeat name="inputs" title="(Big)Wig file">
        <param name="file" type="data" format="bigwig,wig" />
      </repeat>
  </inputs>
  <outputs>
      <data format="wig" name="output" />
  </outputs>
  
<help>

This tool multiplies Wig or BigWig files base pair by base pair.

.. class:: infomark

**TIP:** If your dataset does not appear in the pulldown menu, it means that it is not in Wig or BigWig format. Use "edit attributes" to set the correct format if it was not detected correctly.

</help>
</tool>
