<tool id="WigShift" name="Mean shift" version="1.2.0">
  <description>a (Big)Wig file</description>
  <command interpreter="sh">galaxyToolRunner.sh wigmath.Shift -i $input -m $M $chr -o $output</command>
  <inputs>
    <param format="bigwig,wig" name="input" type="data" label="Shift the data in" />
    <param name="M" type="float" value="0" label="To have mean" />
    <param name="chr" type="boolean" checked="false" truevalue="--bychr" falsevalue="" label="Mean-shift chromosomes individually" />
  </inputs>
  <outputs>
    <data format="wig" name="output" metadata_source="input" />
  </outputs>
  <help>

This tool will shift all values in a Wig file by a scalar so that the output has the desired mean.

.. class:: infomark

**TIP:** If your dataset does not appear in the pulldown menu, it means that it is not in Wig or BigWig format. Use "edit attributes" to set the correct format if it was not detected correctly.

  </help>
</tool>
